{"best_paramters": {"lambda_over": 0.8718085509161032, "lambda_under": 0.2816654298736486, "theta_queue": 0.645561817789471}, "optimized": {"total_cash": 1113750.0, "avg_fill_px": 222.75}, "baseline": {"best_ask": {"total_cash": 1114152.28, "avg_fill_px": 222.830456}, "twap": {"total_cash": 1114215.81, "avg_fill_px": 222.843162}, "vwap": {"total_cash": 1114153.3599999999, "avg_fill_px": 222.83067199999996}}, "savings_vs_baseline_bps": {"best_ask": 3.6106374974165245, "twap": 4.180608422708065, "vwap": 3.6203274565349552}}