{"best_paramters": {"lambda_over": 0.09185652569726976, "lambda_under": 0.6319541650041326, "theta_queue": 0.22986813138412365}, "optimized": {"total_cash": 1113750.0, "avg_fill_px": 222.75}, "baseline": {"best_ask": {"total_cash": 1114152.28, "avg_fill_px": 222.830456}, "twap": {"total_cash": 1114215.81, "avg_fill_px": 222.843162}, "vwap": {"total_cash": 1114153.3599999999, "avg_fill_px": 222.83067199999996}}, "savings_vs_baseline_bps": {"best_ask": 3.6106374974165245, "twap": 4.180608422708065, "vwap": 3.6203274565349552}}savings_vs_twap